BEGIN TRANSACTION;
CREATE TABLE "django_migrations" ("id" serial NOT NULL PRIMARY KEY, "app" varchar(255) NOT NULL, "name" varchar(255) NOT NULL, "applied" timestamp NOT NULL);
INSERT INTO "django_migrations" VALUES(1,'contenttypes','0001_initial','2017-05-29 07:13:23.515761');
INSERT INTO "django_migrations" VALUES(2,'auth','0001_initial','2017-05-29 07:13:24.249321');
INSERT INTO "django_migrations" VALUES(3,'admin','0001_initial','2017-05-29 07:13:24.959104');
INSERT INTO "django_migrations" VALUES(4,'admin','0002_logentry_remove_auto_add','2017-05-29 07:13:25.659082');
INSERT INTO "django_migrations" VALUES(5,'contenttypes','0002_remove_content_type_name','2017-05-29 07:13:26.286712');
INSERT INTO "django_migrations" VALUES(6,'auth','0002_alter_permission_name_max_length','2017-05-29 07:13:26.906788');
INSERT INTO "django_migrations" VALUES(7,'auth','0003_alter_user_email_max_length','2017-05-29 07:13:27.657912');
INSERT INTO "django_migrations" VALUES(8,'auth','0004_alter_user_username_opts','2017-05-29 07:13:28.279458');
INSERT INTO "django_migrations" VALUES(9,'auth','0005_alter_user_last_login_null','2017-05-29 07:13:28.866160');
INSERT INTO "django_migrations" VALUES(10,'auth','0006_require_contenttypes_0002','2017-05-29 07:13:29.207880');
INSERT INTO "django_migrations" VALUES(11,'auth','0007_alter_validators_add_error_messages','2017-05-29 07:13:29.851397');
INSERT INTO "django_migrations" VALUES(12,'auth','0008_alter_user_username_max_length','2017-05-29 07:13:30.593441');
INSERT INTO "django_migrations" VALUES(13,'sessions','0001_initial','2017-05-29 07:13:31.224199');
INSERT INTO "django_migrations" VALUES(14,'people','0001_initial','2017-05-29 12:39:06.221174');
INSERT INTO "django_migrations" VALUES(15,'people','0002_auto_20170529_1444','2017-05-29 12:44:43.925829');
INSERT INTO "django_migrations" VALUES(16,'people','0003_auto_20170529_1444','2017-05-29 12:44:44.132192');
INSERT INTO "django_migrations" VALUES(17,'account','0001_initial','2017-05-29 12:55:08.460342');
INSERT INTO "django_migrations" VALUES(18,'account','0002_email_max_length','2017-05-29 12:55:08.760914');
INSERT INTO "django_migrations" VALUES(19,'sites','0001_initial','2017-05-29 12:55:09.005152');
INSERT INTO "django_migrations" VALUES(20,'sites','0002_alter_domain_unique','2017-05-29 12:55:09.295614');
INSERT INTO "django_migrations" VALUES(21,'socialaccount','0001_initial','2017-05-29 12:55:09.784218');
INSERT INTO "django_migrations" VALUES(22,'socialaccount','0002_token_max_lengths','2017-05-29 12:55:10.129249');
INSERT INTO "django_migrations" VALUES(23,'socialaccount','0003_extra_data_default_dict','2017-05-29 12:55:10.408505');
INSERT INTO "django_migrations" VALUES(24,'people','0004_auto_20170529_1509','2017-05-29 13:09:31.580358');
INSERT INTO "django_migrations" VALUES(25,'people','0005_auto_20170601_1111','2017-06-01 09:11:37.701782');
INSERT INTO "django_migrations" VALUES(26,'people','0006_auto_20170601_1119','2017-06-01 09:19:12.391970');
INSERT INTO "django_migrations" VALUES(27,'taggit','0001_initial','2017-06-01 14:37:18.032416');
INSERT INTO "django_migrations" VALUES(28,'taggit','0002_auto_20150616_2121','2017-06-01 14:37:18.323035');
INSERT INTO "django_migrations" VALUES(31,'people','0007_auto_20170601_1709','2017-06-01 15:09:44.310090');
INSERT INTO "django_migrations" VALUES(32,'people','0008_auto_20170609_1052','2017-06-09 08:52:31.916175');
INSERT INTO "django_migrations" VALUES(33,'people','0009_auto_20170609_1102','2017-06-09 09:02:10.774822');
CREATE TABLE "auth_group" ("id" serial NOT NULL PRIMARY KEY, "name" varchar(80) NOT NULL UNIQUE);
CREATE TABLE "django_content_type" ("id" serial NOT NULL PRIMARY KEY, "app_label" varchar(100) NOT NULL, "model" varchar(100) NOT NULL);
INSERT INTO "django_content_type" VALUES(1,'admin','logentry');
INSERT INTO "django_content_type" VALUES(2,'auth','group');
INSERT INTO "django_content_type" VALUES(3,'auth','permission');
INSERT INTO "django_content_type" VALUES(4,'auth','user');
INSERT INTO "django_content_type" VALUES(5,'contenttypes','contenttype');
INSERT INTO "django_content_type" VALUES(6,'sessions','session');
INSERT INTO "django_content_type" VALUES(7,'people','profile');
INSERT INTO "django_content_type" VALUES(8,'sites','site');
INSERT INTO "django_content_type" VALUES(9,'account','emailconfirmation');
INSERT INTO "django_content_type" VALUES(10,'account','emailaddress');
INSERT INTO "django_content_type" VALUES(11,'socialaccount','socialapp');
INSERT INTO "django_content_type" VALUES(12,'socialaccount','socialtoken');
INSERT INTO "django_content_type" VALUES(13,'socialaccount','socialaccount');
INSERT INTO "django_content_type" VALUES(14,'taggit','taggeditem');
INSERT INTO "django_content_type" VALUES(15,'taggit','tag');
INSERT INTO "django_content_type" VALUES(16,'people','profile_interest');
INSERT INTO "django_content_type" VALUES(17,'people','taggedtags');
CREATE TABLE "auth_permission" ("id" serial NOT NULL PRIMARY KEY, "content_type_id" integer NOT NULL REFERENCES "django_content_type" ("id"), "codename" varchar(100) NOT NULL, "name" varchar(255) NOT NULL);
CREATE TABLE "auth_group_permissions" ("id" serial NOT NULL PRIMARY KEY, "group_id" integer NOT NULL REFERENCES "auth_group" ("id"), "permission_id" integer NOT NULL REFERENCES "auth_permission" ("id"));
CREATE TABLE "auth_user" ("id" serial NOT NULL PRIMARY KEY, "password" varchar(128) NOT NULL, "last_login" timestamp NULL, "is_superuser" serial NOT NULL, "first_name" varchar(30) NOT NULL, "last_name" varchar(30) NOT NULL, "email" varchar(254) NOT NULL, "is_staff" serial NOT NULL, "is_active" serial NOT NULL, "date_joined" timestamp NOT NULL, "username" varchar(150) NOT NULL UNIQUE);
INSERT INTO "auth_user" VALUES(1,'pbkdf2_sha256$36000$nKUYkwFHFxDZ$ucg6yv7057oqpMwnKtzHnmNcQ8doBBQTyJfOMZnc7kk=','2017-06-12 12:00:52.829163',1,'','','',1,1,'2017-05-29 08:34:56.762157','admin');
INSERT INTO "auth_user" VALUES(7,'pbkdf2_sha256$36000$udrLJl8Tpxw3$MVRUywifDFD+IiXl29ABZFpTY+iDFjXiVn/a7+b2iMg=','2017-06-09 12:53:50.939693',0,'','','',0,1,'2017-06-01 09:19:28','sbire');
INSERT INTO "auth_user" VALUES(8,'pbkdf2_sha256$36000$NAcQfe8WTVws$YSoCkMFHaK22e4fLYDXw58tmDMbfB0XE/9oU7KRUAc8=','2017-06-12 11:58:50.914223',0,'','','',0,1,'2017-06-12 11:36:48.163495','etienne');
INSERT INTO "auth_user" VALUES(9,'pbkdf2_sha256$36000$ha4reRAGtDNb$MWBzjA5vaGdt0LmpHFihLpQC98IUDIu6uRS7EGDuRCs=',NULL,0,'','','',0,1,'2017-06-12 11:37:06.386315','jean-bon');
INSERT INTO "auth_user" VALUES(10,'pbkdf2_sha256$36000$N9O1KX0hAvIg$CVfN/LFPRTbSmJot06TDKls+KgJyUNDSdgon75pOgOw=',NULL,0,'','','',0,1,'2017-06-12 11:37:25.569460','Elliot');
INSERT INTO "auth_user" VALUES(11,'pbkdf2_sha256$36000$UcOmDLw96JrH$EqKNj4CX3IhOE6ptLRLGsNklghn95EfoSGRtOSFGPQQ=',NULL,0,'','','',0,1,'2017-06-12 11:37:43.348541','Gonzague');
INSERT INTO "auth_user" VALUES(12,'pbkdf2_sha256$36000$5G1YsUpsoEQl$rs89OSMw02EtP/Vj+9PkhU5x7CFWRC6ZeIQrFqh4XAA=',NULL,0,'','','',0,1,'2017-06-12 12:01:18.707330','Bambi');
INSERT INTO "auth_user" VALUES(13,'pbkdf2_sha256$36000$jkdrUaFlgbmh$ETeGpS+9plh/6Hr5Ht8/FsMy/4HrKvwLFpnoJce1RQ4=',NULL,0,'','','',0,1,'2017-06-12 12:04:24.370773','loic');
CREATE TABLE "auth_user_groups" ("id" serial NOT NULL PRIMARY KEY, "user_id" integer NOT NULL REFERENCES "auth_user" ("id"), "group_id" integer NOT NULL REFERENCES "auth_group" ("id"));
CREATE TABLE "auth_user_user_permissions" ("id" serial NOT NULL PRIMARY KEY, "user_id" integer NOT NULL REFERENCES "auth_user" ("id"), "permission_id" integer NOT NULL REFERENCES "auth_permission" ("id"));
CREATE TABLE "django_admin_log" ("id" serial NOT NULL PRIMARY KEY, "object_id" text NULL, "object_repr" varchar(200) NOT NULL, "action_flag" smallint NOT NULL, "change_message" text NOT NULL, "content_type_id" integer NULL REFERENCES "django_content_type" ("id"), "user_id" integer NOT NULL REFERENCES "auth_user" ("id"), "action_time" timestamp NOT NULL);
INSERT INTO "django_admin_log" VALUES(1,'2','Test',1,'[{"added": {}}, {"added": {"object": "Profile object", "name": "profile"}}]',4,1,'2017-05-29 12:46:20.918235');
INSERT INTO "django_admin_log" VALUES(2,'2','Test',3,'',4,1,'2017-05-29 12:48:28.334734');
INSERT INTO "django_admin_log" VALUES(3,'2','1',1,'[{"added": {}}]',8,1,'2017-05-29 13:22:44.242913');
INSERT INTO "django_admin_log" VALUES(4,'2','1',3,'',8,1,'2017-05-29 13:23:35.388290');
INSERT INTO "django_admin_log" VALUES(5,'3','Test',3,'',4,1,'2017-05-29 13:46:57.102856');
INSERT INTO "django_admin_log" VALUES(6,'4','alalala',3,'',4,1,'2017-05-29 15:13:02.040729');
INSERT INTO "django_admin_log" VALUES(7,'5','hohooh',3,'',4,1,'2017-05-29 15:13:02.177596');
INSERT INTO "django_admin_log" VALUES(8,'6','alalala',3,'',4,1,'2017-06-01 09:17:28.203270');
INSERT INTO "django_admin_log" VALUES(9,'7','sbire',1,'[{"added": {}}]',4,1,'2017-06-01 09:19:28.350994');
INSERT INTO "django_admin_log" VALUES(10,'7','sbire',2,'[{"changed": {"fields": ["skills"], "object": "Profile object", "name": "profile"}}]',4,1,'2017-06-01 14:49:01.831955');
INSERT INTO "django_admin_log" VALUES(11,'7','sbire',2,'[{"changed": {"fields": ["skills"], "object": "Profile object", "name": "profile"}}]',4,1,'2017-06-01 15:10:17.663616');
INSERT INTO "django_admin_log" VALUES(12,'7','sbire',2,'[{"changed": {"fields": ["skills"], "object": "Profile object", "name": "profile"}}]',4,1,'2017-06-09 07:30:20.463239');
INSERT INTO "django_admin_log" VALUES(13,'8','etienne',1,'[{"added": {}}]',4,1,'2017-06-12 11:36:48.234545');
INSERT INTO "django_admin_log" VALUES(14,'9','jean-bon',1,'[{"added": {}}]',4,1,'2017-06-12 11:37:06.445895');
INSERT INTO "django_admin_log" VALUES(15,'10','Elliot',1,'[{"added": {}}]',4,1,'2017-06-12 11:37:25.626389');
INSERT INTO "django_admin_log" VALUES(16,'11','Gonzague',1,'[{"added": {}}]',4,1,'2017-06-12 11:37:43.408327');
INSERT INTO "django_admin_log" VALUES(17,'12','Bambi',1,'[{"added": {}}]',4,1,'2017-06-12 12:01:18.774246');
INSERT INTO "django_admin_log" VALUES(18,'13','loic',1,'[{"added": {}}, {"added": {"object": "Profile object", "name": "profile"}}]',4,1,'2017-06-12 12:04:24.451900');
CREATE INDEX "django_admin_log_content_type_id_c4bce8eb" ON "django_admin_log" ("content_type_id");
INSERT INTO "auth_permission" VALUES(1,1,'add_logentry','Can add log entry');
INSERT INTO "auth_permission" VALUES(2,1,'change_logentry','Can change log entry');
INSERT INTO "auth_permission" VALUES(3,1,'delete_logentry','Can delete log entry');
INSERT INTO "auth_permission" VALUES(4,2,'add_group','Can add group');
INSERT INTO "auth_permission" VALUES(5,2,'change_group','Can change group');
INSERT INTO "auth_permission" VALUES(6,2,'delete_group','Can delete group');
INSERT INTO "auth_permission" VALUES(7,3,'add_permission','Can add permission');
INSERT INTO "auth_permission" VALUES(8,3,'change_permission','Can change permission');
INSERT INTO "auth_permission" VALUES(9,3,'delete_permission','Can delete permission');
INSERT INTO "auth_permission" VALUES(10,4,'add_user','Can add user');
INSERT INTO "auth_permission" VALUES(11,4,'change_user','Can change user');
INSERT INTO "auth_permission" VALUES(12,4,'delete_user','Can delete user');
INSERT INTO "auth_permission" VALUES(13,5,'add_contenttype','Can add content type');
INSERT INTO "auth_permission" VALUES(14,5,'change_contenttype','Can change content type');
INSERT INTO "auth_permission" VALUES(15,5,'delete_contenttype','Can delete content type');
INSERT INTO "auth_permission" VALUES(16,6,'add_session','Can add session');
INSERT INTO "auth_permission" VALUES(17,6,'change_session','Can change session');
INSERT INTO "auth_permission" VALUES(18,6,'delete_session','Can delete session');
INSERT INTO "auth_permission" VALUES(19,7,'add_profile','Can add profile');
INSERT INTO "auth_permission" VALUES(20,7,'change_profile','Can change profile');
INSERT INTO "auth_permission" VALUES(21,7,'delete_profile','Can delete profile');
INSERT INTO "auth_permission" VALUES(22,8,'add_site','Can add site');
INSERT INTO "auth_permission" VALUES(23,8,'change_site','Can change site');
INSERT INTO "auth_permission" VALUES(24,8,'delete_site','Can delete site');
INSERT INTO "auth_permission" VALUES(25,9,'add_emailconfirmation','Can add email confirmation');
INSERT INTO "auth_permission" VALUES(26,9,'change_emailconfirmation','Can change email confirmation');
INSERT INTO "auth_permission" VALUES(27,9,'delete_emailconfirmation','Can delete email confirmation');
INSERT INTO "auth_permission" VALUES(28,10,'add_emailaddress','Can add email address');
INSERT INTO "auth_permission" VALUES(29,10,'change_emailaddress','Can change email address');
INSERT INTO "auth_permission" VALUES(30,10,'delete_emailaddress','Can delete email address');
INSERT INTO "auth_permission" VALUES(31,11,'add_socialapp','Can add social application');
INSERT INTO "auth_permission" VALUES(32,11,'change_socialapp','Can change social application');
INSERT INTO "auth_permission" VALUES(33,11,'delete_socialapp','Can delete social application');
INSERT INTO "auth_permission" VALUES(34,12,'add_socialtoken','Can add social application token');
INSERT INTO "auth_permission" VALUES(35,12,'change_socialtoken','Can change social application token');
INSERT INTO "auth_permission" VALUES(36,12,'delete_socialtoken','Can delete social application token');
INSERT INTO "auth_permission" VALUES(37,13,'add_socialaccount','Can add social account');
INSERT INTO "auth_permission" VALUES(38,13,'change_socialaccount','Can change social account');
INSERT INTO "auth_permission" VALUES(39,13,'delete_socialaccount','Can delete social account');
INSERT INTO "auth_permission" VALUES(40,14,'add_taggeditem','Can add Tagged Item');
INSERT INTO "auth_permission" VALUES(41,14,'change_taggeditem','Can change Tagged Item');
INSERT INTO "auth_permission" VALUES(42,14,'delete_taggeditem','Can delete Tagged Item');
INSERT INTO "auth_permission" VALUES(43,15,'add_tag','Can add Tag');
INSERT INTO "auth_permission" VALUES(44,15,'change_tag','Can change Tag');
INSERT INTO "auth_permission" VALUES(45,15,'delete_tag','Can delete Tag');
INSERT INTO "auth_permission" VALUES(46,16,'add_profile_interest','Can add profile_interest');
INSERT INTO "auth_permission" VALUES(47,16,'change_profile_interest','Can change profile_interest');
INSERT INTO "auth_permission" VALUES(48,16,'delete_profile_interest','Can delete profile_interest');
INSERT INTO "auth_permission" VALUES(49,17,'add_taggedtags','Can add taggedtags');
INSERT INTO "auth_permission" VALUES(50,17,'change_taggedtags','Can change taggedtags');
INSERT INTO "auth_permission" VALUES(51,17,'delete_taggedtags','Can delete taggedtags');

CREATE TABLE "django_session" ("session_key" varchar(40) NOT NULL PRIMARY KEY, "session_data" text NOT NULL, "expire_date" timestamp NOT NULL);
INSERT INTO "django_session" VALUES('abt5a0koqbbzmcuejg3c2jy4td7jbdee','MDJmNDM0YTJjNDU5ODAxMzAxZDAzMDUzMThmZmRhZTRhMTE3YWYwZjp7Il9hdXRoX3VzZXJfYmFja2VuZCI6ImFsbGF1dGguYWNjb3VudC5hdXRoX2JhY2tlbmRzLkF1dGhlbnRpY2F0aW9uQmFja2VuZCIsIl9hdXRoX3VzZXJfaGFzaCI6IjlhNWM0N2VlNDVhNWFjZjk1MTQ3NWEwMTVhNTcxM2E2MjI5Y2I2NTEiLCJhY2NvdW50X3VzZXIiOiIzIiwiX2F1dGhfdXNlcl9pZCI6IjMiLCJhY2NvdW50X3ZlcmlmaWVkX2VtYWlsIjpudWxsfQ==','2017-06-12 13:26:23.183705');
INSERT INTO "django_session" VALUES('pwppluigl233x227ec74yas6t7eplq29','MTg3OTEwNDEwZWQwNWZhOTJiYjYwZmZkODA1NTk3YWUyYmY1YzY5MTp7fQ==','2017-06-15 12:19:27.230066');
INSERT INTO "django_session" VALUES('080c3cf6nxq4yv8jsjyxgepd75qscqpw','MTg3OTEwNDEwZWQwNWZhOTJiYjYwZmZkODA1NTk3YWUyYmY1YzY5MTp7fQ==','2017-06-15 12:20:23.049206');
INSERT INTO "django_session" VALUES('uscfowzectbepvz8w4lv1fvjhi0pja40','MTg3OTEwNDEwZWQwNWZhOTJiYjYwZmZkODA1NTk3YWUyYmY1YzY5MTp7fQ==','2017-06-15 12:21:00.320775');
INSERT INTO "django_session" VALUES('81dxm2admc8wrxofvkfm4trye2q1j92n','MTg3OTEwNDEwZWQwNWZhOTJiYjYwZmZkODA1NTk3YWUyYmY1YzY5MTp7fQ==','2017-06-15 12:22:03.159332');
INSERT INTO "django_session" VALUES('ww5ocqjqfah8wg6x91og7428zluw5j6x','MTg3OTEwNDEwZWQwNWZhOTJiYjYwZmZkODA1NTk3YWUyYmY1YzY5MTp7fQ==','2017-06-15 12:22:56.568155');
INSERT INTO "django_session" VALUES('y67gzpoav5htfdlew0hw04dpz3oq9xhy','MTg3OTEwNDEwZWQwNWZhOTJiYjYwZmZkODA1NTk3YWUyYmY1YzY5MTp7fQ==','2017-06-15 12:23:06.036896');
INSERT INTO "django_session" VALUES('zxxpdrf0aowvigbj05m4dfsngnz57lzi','MTg3OTEwNDEwZWQwNWZhOTJiYjYwZmZkODA1NTk3YWUyYmY1YzY5MTp7fQ==','2017-06-15 12:25:00.305995');
INSERT INTO "django_session" VALUES('xihvoc18cntmwgfnozvs3kysddjrc7bk','MTg3OTEwNDEwZWQwNWZhOTJiYjYwZmZkODA1NTk3YWUyYmY1YzY5MTp7fQ==','2017-06-15 12:26:54.621171');
INSERT INTO "django_session" VALUES('zo0wyec06tgqlfic4uah09ix9gxselwn','MTg3OTEwNDEwZWQwNWZhOTJiYjYwZmZkODA1NTk3YWUyYmY1YzY5MTp7fQ==','2017-06-15 12:27:31.272427');
INSERT INTO "django_session" VALUES('yrms86hi9r7zrjp7zcadv6y2ool7fgnr','MTg3OTEwNDEwZWQwNWZhOTJiYjYwZmZkODA1NTk3YWUyYmY1YzY5MTp7fQ==','2017-06-15 12:27:43.749866');
INSERT INTO "django_session" VALUES('f9nulu6c4c5jh4mgnmhukz8wm8q8vnts','MTg3OTEwNDEwZWQwNWZhOTJiYjYwZmZkODA1NTk3YWUyYmY1YzY5MTp7fQ==','2017-06-15 12:28:19.157575');
INSERT INTO "django_session" VALUES('kiifvl6jf4z8nntlbrh2ocuk1rxdnr4j','MTg3OTEwNDEwZWQwNWZhOTJiYjYwZmZkODA1NTk3YWUyYmY1YzY5MTp7fQ==','2017-06-15 12:28:43.484836');
INSERT INTO "django_session" VALUES('92mcabto2ikf1rmprnubqkvo26q02zbn','MTg3OTEwNDEwZWQwNWZhOTJiYjYwZmZkODA1NTk3YWUyYmY1YzY5MTp7fQ==','2017-06-15 12:29:33.112348');
INSERT INTO "django_session" VALUES('1orp9xgogqvoxw6e7q8uhu8gl3o3g5wx','MTg3OTEwNDEwZWQwNWZhOTJiYjYwZmZkODA1NTk3YWUyYmY1YzY5MTp7fQ==','2017-06-15 12:29:55.930432');
INSERT INTO "django_session" VALUES('l74utotkv3pldfrrib69vhqxszv9yzvr','MTg3OTEwNDEwZWQwNWZhOTJiYjYwZmZkODA1NTk3YWUyYmY1YzY5MTp7fQ==','2017-06-15 12:30:59.323382');
INSERT INTO "django_session" VALUES('zpkg1uu8y1hdst0yu471831oxy27itxq','MTg3OTEwNDEwZWQwNWZhOTJiYjYwZmZkODA1NTk3YWUyYmY1YzY5MTp7fQ==','2017-06-15 12:31:49.746502');
INSERT INTO "django_session" VALUES('2u4fbrcfc1ypr5rc4en52m2zv526y7jr','MTg3OTEwNDEwZWQwNWZhOTJiYjYwZmZkODA1NTk3YWUyYmY1YzY5MTp7fQ==','2017-06-15 12:32:27.625732');
INSERT INTO "django_session" VALUES('5n3kqw67bw1zwl61ug05igue7c3yuonk','MTg3OTEwNDEwZWQwNWZhOTJiYjYwZmZkODA1NTk3YWUyYmY1YzY5MTp7fQ==','2017-06-15 12:34:04.294288');
INSERT INTO "django_session" VALUES('hnhfeacbx5f6jmmvnkbcm2iuyac4yxd5','MTg3OTEwNDEwZWQwNWZhOTJiYjYwZmZkODA1NTk3YWUyYmY1YzY5MTp7fQ==','2017-06-15 12:35:56.110824');
INSERT INTO "django_session" VALUES('57st7wf69zyxgdp4c1k44kcvdydjiugj','MTg3OTEwNDEwZWQwNWZhOTJiYjYwZmZkODA1NTk3YWUyYmY1YzY5MTp7fQ==','2017-06-15 12:36:22.734801');
INSERT INTO "django_session" VALUES('u685nhbj7h97fpyd5pcv69adwsuc6ggh','MTg3OTEwNDEwZWQwNWZhOTJiYjYwZmZkODA1NTk3YWUyYmY1YzY5MTp7fQ==','2017-06-15 12:36:31.157836');
INSERT INTO "django_session" VALUES('t2msrtne10twzq2e89nrsshft9992xuh','MTg3OTEwNDEwZWQwNWZhOTJiYjYwZmZkODA1NTk3YWUyYmY1YzY5MTp7fQ==','2017-06-15 12:36:58.015461');
INSERT INTO "django_session" VALUES('lv1aoz3iovnlourx39u4xxw3x2js94em','MTg3OTEwNDEwZWQwNWZhOTJiYjYwZmZkODA1NTk3YWUyYmY1YzY5MTp7fQ==','2017-06-15 12:37:12.645268');
INSERT INTO "django_session" VALUES('9kqys6g0u34r20vo9i3zgwxtbqj75rtm','MTg3OTEwNDEwZWQwNWZhOTJiYjYwZmZkODA1NTk3YWUyYmY1YzY5MTp7fQ==','2017-06-15 12:39:07.118815');
INSERT INTO "django_session" VALUES('mjh01cxyp1j82cdj91bb1kjny87wmi44','MTg3OTEwNDEwZWQwNWZhOTJiYjYwZmZkODA1NTk3YWUyYmY1YzY5MTp7fQ==','2017-06-15 12:39:13.739428');
INSERT INTO "django_session" VALUES('i25r58b9cvogg6nugvst24150ma9m2wj','MTg3OTEwNDEwZWQwNWZhOTJiYjYwZmZkODA1NTk3YWUyYmY1YzY5MTp7fQ==','2017-06-15 12:41:03.807830');
INSERT INTO "django_session" VALUES('if5ci8oyjugrqc7yxeunmys1b4u67lwt','MTg3OTEwNDEwZWQwNWZhOTJiYjYwZmZkODA1NTk3YWUyYmY1YzY5MTp7fQ==','2017-06-15 12:41:51.648842');
INSERT INTO "django_session" VALUES('opfue2k51sey42vnf9f0gerg09k4onjk','NzlhYmJjNzRjNGQ0YTMyOTk0ODRiMmYwMjhhYjdjNzA1Y2U4YmZlOTp7Il9zZXNzaW9uX2V4cGlyeSI6MTIwOTYwMCwiX2F1dGhfdXNlcl9oYXNoIjoiOTNlOGI3MWUyOGIzMGQyNTlkNDE3NTU2OGZlNzNiNmNhODA4YzQxNSIsIl9hdXRoX3VzZXJfYmFja2VuZCI6ImRqYW5nby5jb250cmliLmF1dGguYmFja2VuZHMuTW9kZWxCYWNrZW5kIiwiX2F1dGhfdXNlcl9pZCI6IjEifQ==','2017-06-15 12:45:46.083971');
INSERT INTO "django_session" VALUES('45cved4t0u9fprj7e495rvd9zv2pnlix','YTBkMGI1NmU5ZThlYzY1NWE2Mzc4ODQ0MjgxNjYxZWYwZGRiYWVmZDp7Il9zZXNzaW9uX2V4cGlyeSI6MCwiX2F1dGhfdXNlcl9oYXNoIjoiYTVkZTFkMzc2ZTc4OTc5MjQyOTZkMzcxYmJhZDE2NThiYWZiMDYxNSIsIl9hdXRoX3VzZXJfYmFja2VuZCI6ImRqYW5nby5jb250cmliLmF1dGguYmFja2VuZHMuTW9kZWxCYWNrZW5kIiwiX2F1dGhfdXNlcl9pZCI6IjcifQ==','2017-06-23 09:14:01.920815');
INSERT INTO "django_session" VALUES('16edy9gi8zafh3xu1lhziemepdbfmm60','YTBkMGI1NmU5ZThlYzY1NWE2Mzc4ODQ0MjgxNjYxZWYwZGRiYWVmZDp7Il9zZXNzaW9uX2V4cGlyeSI6MCwiX2F1dGhfdXNlcl9oYXNoIjoiYTVkZTFkMzc2ZTc4OTc5MjQyOTZkMzcxYmJhZDE2NThiYWZiMDYxNSIsIl9hdXRoX3VzZXJfYmFja2VuZCI6ImRqYW5nby5jb250cmliLmF1dGguYmFja2VuZHMuTW9kZWxCYWNrZW5kIiwiX2F1dGhfdXNlcl9pZCI6IjcifQ==','2017-06-23 12:53:51.015509');
INSERT INTO "django_session" VALUES('vf1xqno9xzkccdkjwma69osnieo4vsrs','MTE5YjAyYjI4ZTMxMTY5NzgwNzEyOGMwMzY0ZTY2ZjZkNTAzNzI4Yzp7Il9hdXRoX3VzZXJfaGFzaCI6IjkzZThiNzFlMjhiMzBkMjU5ZDQxNzU1NjhmZTczYjZjYTgwOGM0MTUiLCJfYXV0aF91c2VyX2JhY2tlbmQiOiJkamFuZ28uY29udHJpYi5hdXRoLmJhY2tlbmRzLk1vZGVsQmFja2VuZCIsIl9hdXRoX3VzZXJfaWQiOiIxIn0=','2017-06-26 12:00:52.972594');
CREATE TABLE "account_emailaddress" ("id" serial NOT NULL PRIMARY KEY, "verified" serial NOT NULL, "primary" serial NOT NULL, "user_id" integer NOT NULL REFERENCES "auth_user" ("id"), "email" varchar(254) NOT NULL UNIQUE);
CREATE TABLE "account_emailconfirmation" ("id" serial NOT NULL PRIMARY KEY, "created" timestamp NOT NULL, "sent" timestamp NULL, "key" varchar(64) NOT NULL UNIQUE, "email_address_id" integer NOT NULL REFERENCES "account_emailaddress" ("id"));
CREATE TABLE "django_site" ("id" serial NOT NULL PRIMARY KEY, "name" varchar(50) NOT NULL, "domain" varchar(100) NOT NULL UNIQUE);
INSERT INTO "django_site" VALUES(1,'example.com','example.com');
CREATE TABLE "socialaccount_socialapp" ("id" serial NOT NULL PRIMARY KEY, "provider" varchar(30) NOT NULL, "name" varchar(40) NOT NULL, "client_id" varchar(191) NOT NULL, "key" varchar(191) NOT NULL, "secret" varchar(191) NOT NULL);
CREATE TABLE "socialaccount_socialapp_sites" ("id" serial NOT NULL PRIMARY KEY, "socialapp_id" integer NOT NULL REFERENCES "socialaccount_socialapp" ("id"), "site_id" integer NOT NULL REFERENCES "django_site" ("id"));
CREATE TABLE "socialaccount_socialaccount" ("id" serial NOT NULL PRIMARY KEY, "provider" varchar(30) NOT NULL, "uid" varchar(191) NOT NULL, "last_login" timestamp NOT NULL, "date_joined" timestamp NOT NULL, "user_id" integer NOT NULL REFERENCES "auth_user" ("id"), "extra_data" text NOT NULL);
CREATE TABLE "socialaccount_socialtoken" ("id" serial NOT NULL PRIMARY KEY, "token" text NOT NULL, "token_secret" text NOT NULL, "expires_at" timestamp NULL, "account_id" integer NOT NULL REFERENCES "socialaccount_socialaccount" ("id"), "app_id" integer NOT NULL REFERENCES "socialaccount_socialapp" ("id"));
CREATE TABLE "taggit_tag" ("id" serial NOT NULL PRIMARY KEY, "name" varchar(100) NOT NULL UNIQUE, "slug" varchar(100) NOT NULL UNIQUE);
INSERT INTO "taggit_tag" VALUES(1,'centre','centre');
INSERT INTO "taggit_tag" VALUES(2,'roupette','roupette');
INSERT INTO "taggit_tag" VALUES(3,'opd','opd');
INSERT INTO "taggit_tag" VALUES(4,'bonjour','bonjour');
INSERT INTO "taggit_tag" VALUES(5,'ol','ol');
INSERT INTO "taggit_tag" VALUES(6,'ok','ok');
INSERT INTO "taggit_tag" VALUES(7,'lol','lol');
INSERT INTO "taggit_tag" VALUES(8,'marchandage','marchandage');
INSERT INTO "taggit_tag" VALUES(9,'ag','ag');
INSERT INTO "taggit_tag" VALUES(10,'gz','gz');
CREATE TABLE "taggit_taggeditem" ("id" serial NOT NULL PRIMARY KEY, "object_id" integer NOT NULL, "content_type_id" integer NOT NULL REFERENCES "django_content_type" ("id"), "tag_id" integer NOT NULL REFERENCES "taggit_tag" ("id"));
INSERT INTO "taggit_taggeditem" VALUES(1,1,7,1);
INSERT INTO "taggit_taggeditem" VALUES(2,1,7,2);
INSERT INTO "taggit_taggeditem" VALUES(3,1,7,3);
INSERT INTO "taggit_taggeditem" VALUES(4,1,7,4);
INSERT INTO "taggit_taggeditem" VALUES(5,2,7,8);
INSERT INTO "taggit_taggeditem" VALUES(6,7,7,10);
CREATE TABLE "people_profile" ("id" serial NOT NULL PRIMARY KEY, "zipcode" integer NULL, "city" varchar(85) NULL, "website" varchar(50) NULL, "avatar" varchar(100) NULL, "user_id" integer NOT NULL UNIQUE REFERENCES "auth_user" ("id"));
INSERT INTO "people_profile" VALUES(1,NULL,'Villagechouette','http://tamér.com','',7);
INSERT INTO "people_profile" VALUES(2,21,'Caijdzj','sitwep.com','',8);
INSERT INTO "people_profile" VALUES(3,NULL,NULL,NULL,'',9);
INSERT INTO "people_profile" VALUES(4,NULL,NULL,NULL,'',10);
INSERT INTO "people_profile" VALUES(5,NULL,NULL,NULL,'',11);
INSERT INTO "people_profile" VALUES(6,NULL,NULL,NULL,'',12);
INSERT INTO "people_profile" VALUES(7,47998,'mende',NULL,'',13);
CREATE TABLE "people_taggedtags" ("id" serial NOT NULL PRIMARY KEY, "content_object_id" integer NOT NULL REFERENCES "people_profile" ("id"), "tag_id" integer NOT NULL REFERENCES "taggit_tag" ("id"));
INSERT INTO "people_taggedtags" VALUES(1,1,5);
INSERT INTO "people_taggedtags" VALUES(2,1,6);
INSERT INTO "people_taggedtags" VALUES(3,2,7);
INSERT INTO "people_taggedtags" VALUES(4,7,9);
CREATE UNIQUE INDEX "auth_group_permissions_group_id_permission_id_0cd325b0_uniq" ON "auth_group_permissions" ("group_id", "permission_id");
CREATE INDEX "auth_group_permissions_group_id_b120cbf9" ON "auth_group_permissions" ("group_id");
CREATE INDEX "auth_group_permissions_permission_id_84c5c92e" ON "auth_group_permissions" ("permission_id");
CREATE UNIQUE INDEX "auth_user_groups_user_id_group_id_94350c0c_uniq" ON "auth_user_groups" ("user_id", "group_id");
CREATE INDEX "auth_user_groups_user_id_6a12ed8b" ON "auth_user_groups" ("user_id");
CREATE INDEX "auth_user_groups_group_id_97559544" ON "auth_user_groups" ("group_id");
CREATE UNIQUE INDEX "auth_user_user_permissions_user_id_permission_id_14a6b632_uniq" ON "auth_user_user_permissions" ("user_id", "permission_id");
CREATE INDEX "auth_user_user_permissions_user_id_a95ead1b" ON "auth_user_user_permissions" ("user_id");
CREATE INDEX "auth_user_user_permissions_permission_id_1fbb5f2c" ON "auth_user_user_permissions" ("permission_id");
CREATE INDEX "django_admin_log_user_id_c564eba6" ON "django_admin_log" ("user_id");
CREATE UNIQUE INDEX "django_content_type_app_label_model_76bd3d3b_uniq" ON "django_content_type" ("app_label", "model");
CREATE UNIQUE INDEX "auth_permission_content_type_id_codename_01ab375a_uniq" ON "auth_permission" ("content_type_id", "codename");
CREATE INDEX "auth_permission_content_type_id_2f476e4b" ON "auth_permission" ("content_type_id");
CREATE INDEX "django_session_expire_date_a5c62663" ON "django_session" ("expire_date");
CREATE INDEX "account_emailconfirmation_email_address_id_5b7f8c58" ON "account_emailconfirmation" ("email_address_id");
CREATE INDEX "account_emailaddress_user_id_2c513194" ON "account_emailaddress" ("user_id");
CREATE UNIQUE INDEX "socialaccount_socialtoken_app_id_account_id_fca4e0ac_uniq" ON "socialaccount_socialtoken" ("app_id", "account_id");
CREATE UNIQUE INDEX "socialaccount_socialapp_sites_socialapp_id_site_id_71a9a768_uniq" ON "socialaccount_socialapp_sites" ("socialapp_id", "site_id");
CREATE INDEX "socialaccount_socialapp_sites_socialapp_id_97fb6e7d" ON "socialaccount_socialapp_sites" ("socialapp_id");
CREATE INDEX "socialaccount_socialapp_sites_site_id_2579dee5" ON "socialaccount_socialapp_sites" ("site_id");
CREATE INDEX "socialaccount_socialtoken_account_id_951f210e" ON "socialaccount_socialtoken" ("account_id");
CREATE INDEX "socialaccount_socialtoken_app_id_636a42d7" ON "socialaccount_socialtoken" ("app_id");
CREATE UNIQUE INDEX "socialaccount_socialaccount_provider_uid_fc810c6e_uniq" ON "socialaccount_socialaccount" ("provider", "uid");
CREATE INDEX "socialaccount_socialaccount_user_id_8146e70c" ON "socialaccount_socialaccount" ("user_id");
CREATE INDEX "taggit_taggeditem_object_id_e2d7d1df" ON "taggit_taggeditem" ("object_id");
CREATE INDEX "taggit_taggeditem_content_type_id_9957a03c" ON "taggit_taggeditem" ("content_type_id");
CREATE INDEX "taggit_taggeditem_tag_id_f4f5b767" ON "taggit_taggeditem" ("tag_id");
CREATE INDEX "taggit_taggeditem_content_type_id_object_id_196cc965_idx" ON "taggit_taggeditem" ("content_type_id", "object_id");
CREATE INDEX "people_taggedtags_content_object_id_f0c0328d" ON "people_taggedtags" ("content_object_id");
CREATE INDEX "people_taggedtags_tag_id_1700f689" ON "people_taggedtags" ("tag_id");
COMMIT;
